{
  "project_info": {
    "project_number": "306821654807",
    "firebase_url": "https://android-testing-877df-default-rtdb.firebaseio.com",
    "project_id": "android-testing-877df",
    "storage_bucket": "android-testing-877df.appspot.com"
  },
  "client": [
    {
      "client_info": {
        "mobilesdk_app_id": "1:306821654807:android:b7b5b9ae3e0d688957ef52",
        "android_client_info": {
          "package_name": "com.dlohia.loginactivity"
        }
      },
      "oauth_client": [
        {
          "client_id": "306821654807-blj8l0hmq386gms749b0isthjt58tmg4.apps.googleusercontent.com",
          "client_type": 3
        }
      ],
      "api_key": [
        {
          "current_key": "AIzaSyAoVcuK8socad2ecaXk1BMd2kW7x8CQgJA"
        }
      ],
      "services": {
        "appinvite_service": {
          "other_platform_oauth_client": [
            {
              "client_id": "306821654807-blj8l0hmq386gms749b0isthjt58tmg4.apps.googleusercontent.com",
              "client_type": 3
            }
          ]
        }
      }
    },
    {
      "client_info": {
        "mobilesdk_app_id": "1:306821654807:android:a97cd2af6182759a57ef52",
        "android_client_info": {
          "package_name": "com.dlohia.voterlist"
        }
      },
      "oauth_client": [
        {
          "client_id": "306821654807-blj8l0hmq386gms749b0isthjt58tmg4.apps.googleusercontent.com",
          "client_type": 3
        }
      ],
      "api_key": [
        {
          "current_key": "AIzaSyAoVcuK8socad2ecaXk1BMd2kW7x8CQgJA"
        }
      ],
      "services": {
        "appinvite_service": {
          "other_platform_oauth_client": [
            {
              "client_id": "306821654807-blj8l0hmq386gms749b0isthjt58tmg4.apps.googleusercontent.com",
              "client_type": 3
            }
          ]
        }
      }
    }
  ],
  "configuration_version": "1"
}